text,source,llm_label,final_label,label_changed,notes,post_id,
"That one french sounding named town by a lake up north is pretty, if you don't live, eat, or stop there 😂",comment,Off-topic,Off-topic,FALSE,Humorous complaint about a place; no clear discussion contribution,0,
What would be the easiest thing to explain to someone who time traveled from the year 69 CE? ,question,Constructive,Constructive,FALSE,Valid open-ended explanatory question,1,
"Parents having favorites. If you’re an only child, yeah your parents could feel one way or another towards you, but with siblings often you feel (and are put) in direct competition with them",comment,Constructive,Constructive,FALSE,Provides reasoning and social explanation,2,
Hey UK/Europe/Asia... how are you doing in the midst of disastrous flooding? ,question,Constructive,Constructive,FALSE,On-topic welfare/discussion question,3,
"We've all heard of people thinking ""Fuck I'm old"", but what makes you think ""Fuck I'm young""? [removed]",question,Off-topic,Constructive,TRUE,Not subreddit/meta; valid reflective AskReddit-style question,4,
The United States has 120 guns per 100 people. Canada has 35 per 100 people. It's not even close.,comment,Constructive,Constructive,FALSE,"Statistical statement, informational comparison",5,
"Yeah, we're powerless. Anyone who tries to speak up about issues concerning the evil things the government does is killed or silenced.",comment,Disruptive,Disruptive,FALSE,Conspiratorial and absolutist framing with implied hostility,6,
"Healthcare workers of Reddit, what’s the most frustrating thing about anti-vax COVID patients? Have you been able to persuade them to get vaccinated? ",question,Constructive,Constructive,FALSE,Discussion question with reasoning request,7,
If Marie Callender had a favorite month. What would it be? [deleted],question,Off-topic,Constructive,TRUE,Humor question; still valid AskReddit-style prompt,8,
Beats me. Tastes like shit. I suppose it’s because it’s cheap?,comment,Low-Effort,Low-Effort,FALSE,"Short opinion, no reasoning",9,
Who is the least wealthy celebrity you can think of? ,question,Off-topic,Constructive,TRUE,"General knowledge question, not meta/off-topic",10,
What movie aged like milk? ,question,Off-topic,Constructive,TRUE,Standard discussion question,11,
Does anybody know a free version of Fantasy Grounds?,comment,Constructive,Constructive,FALSE,Request for software info,12,
What is something you're surprised you remember? ,question,Constructive,Constructive,FALSE,Reflective prompt,13,
"The Netherlands actually, but fair",comment,Disruptive,Constructive,TRUE,"Neutral correction, not hostile",14,
"shills, everywhere! (the new accounts)",comment,Disruptive,Low-Effort,TRUE,"Generic accusation, no direct target or engagement",15,
"I never thought of this, even though it’s so simple.",comment,Constructive,Constructive,FALSE,Positive reflection,16,
"Using predictive text, what will be the last sentence you say before you die? ",question,Off-topic,Constructive,TRUE,"Reflective question, not meta/subreddit related",17,
"Im just want you to know what im talking about

The big lizard animals from peostoric times",comment,Low-Effort,Low-Effort,FALSE,"Fragmented, unclear thought",18,
"Jesus, you’re liable to get lightheaded you’re so far up there on that horse.",comment,Disruptive,Low-Effort,TRUE,Sarcastic insult but not highly disruptive in context,19,
Anything branded Juicy Couture,comment,Off-topic,Off-topic,FALSE,"Fragmented reference, unclear intent but non-hostile",20,
"1. Flying (flying fast(100km/h) and hovering in the air should both be possible)
2. Teleporting to every place i want without beeing stranded in the universe
3. Slowing time down

[Edit-] the numbers are what i want more and if i cant have that what i would want instead",comment,Constructive,Constructive,FALSE,Clear structured hypothetical reasoning,21,
"Depends on the pokemon.

Remember, Farfetch'd was nearly eaten into extinction because it was so tasty.

Then you have shit monsters like Muck.",comment,Off-topic,Low-Effort,TRUE,Discussion of topic; mild humor but on-topic,22,
What a dumb fucken post,comment,Disruptive,Disruptive,FALSE,Direct insult,23,
"People with kids, how is this weekend going? ",question,Constructive,Constructive,FALSE,Valid AskReddit question,24,
At an apartment I used to live at the door to my bedroom opened and slammed itself shut 6 times consecutively...,comment,Disruptive,Constructive,TRUE,"Narrative personal experience, not hostile content",25,
The fact that if you get a brand new puppy when you're born it will die when you become an adult,comment,Constructive,Constructive,FALSE,Reflective observation,26,
You're sent back 100 years to live...,question,Constructive,Constructive,FALSE,Hypothetical scenario question,27,
Last night I was doing a little urban exploration and found a hill with hundreds of these metal chimney covers...,comment,Constructive,Constructive,FALSE,Request for explanation,28,
**PLEASE READ THIS MESSAGE IN ITS ENTIRETY BEFORE TAKING ACTION.** ...,comment,Low-Effort,Off-topic,TRUE,Moderation bot message; not user engagement content,29,
It is always okay to drink milk.,comment,Constructive,Constructive,FALSE,Opinion statement,30,
Don't know but there will be a double 420...,comment,Low-Effort,Low-Effort,FALSE,Joke/pun,31,
"uh,so is MGM? also your point about men feeling ""the same pleasure"" is completely false...",comment,Off-topic,Constructive,TRUE,"Discussion/argument, not off-topic",32,
Are you happy? How do you think could improve this? ,question,Disruptive,Constructive,TRUE,"Neutral introspective question, not disruptive",33,
"Redditors that always back into parking spots, why is this your preference? ",question,Constructive,Constructive,FALSE,Discussion question,34,
Are you Deckard Cain?  Stay awhile and listen.,comment,Off-topic,Low-Effort,TRUE,Game reference joke,35,
So I have a habit of reading internet initialisms...,comment,Low-Effort,Low-Effort,FALSE,Humorous observation,36,
What your favorite 2021 movie [removed],question,Constructive,Constructive,FALSE,Standard question,37,
What is absolutely better live than via TV or stream? ,question,Constructive,Constructive,FALSE,Discussion question,38,
"What was the last thing that made you go, I love the internet? [removed]",question,Constructive,Constructive,FALSE,Reflective question,39,
"Not a doctor, but when I was about 5-7...",comment,Constructive,Constructive,FALSE,Personal narrative,40,
Have you ever pooped or peed your underwear as a teen or adult? If so why? ,question,Off-topic,Constructive,TRUE,Embarrassing but valid AskReddit-style question,41,
How about the new Valve Index and the new controllers with it?,comment,Off-topic,Constructive,TRUE,Product discussion,42,
You are awake at 3 am playing games and you see a girl...,question,Off-topic,Constructive,TRUE,Hypothetical scenario,43,
What was the worst pain you ever felt? ,question,Off-topic,Constructive,TRUE,Personal experience question,44,
Currently recruiting for delivery drivers...,question,Off-topic,Off-topic,FALSE,Likely spam/recruitment intent,45,
What got you HOOKED onto an anime you thought was boring? ,question,Off-topic,Constructive,TRUE,Discussion question,46,
join t(.)me/goatedshop...,question,Disruptive,Disruptive,FALSE,Spam scam content,47,
No I’m lactose intolerant so that would be awful,comment,Low-Effort,Low-Effort,FALSE,Short reply,48,
What is one thing that could make your mood do a 180? ,question,Off-topic,Constructive,TRUE,Personal reflection question,49,
What if Jeff Bezos was spending his money...,question,Constructive,Constructive,FALSE,Hypothetical discussion,50,
Is there a such thing as fancy American food? What would it be? ,question,Off-topic,Constructive,TRUE,Discussion question,51,
In life everyone has there definition of god...,question,Off-topic,Constructive,TRUE,Philosophical question,52,
In college when we used a tool like symbolab...,comment,Constructive,Constructive,FALSE,Reflective analogy,53,
People of Reddit... baby bird fell down...,question,Off-topic,Constructive,TRUE,Ethical experience question,54,
What is your fav double entendre? ,question,Off-topic,Constructive,TRUE,Discussion prompt,55,
Your username is now an ideology...,question,Off-topic,Constructive,TRUE,Creative prompt,56,
How do you deal with being un attractive? ,question,Constructive,Constructive,FALSE,Personal advice question,57,
What do you hate about the reddit community ? ,question,Constructive,Constructive,FALSE,Discussion prompt,58,
What's your better advice? ,question,Constructive,Constructive,FALSE,Generic advice prompt,59,
My ability to see the hypocrisies in life...,comment,Constructive,Constructive,FALSE,Reflective statement,60,
Captain dry sarcasm and his trusty assistant...,comment,Low-Effort,Low-Effort,FALSE,Joke,61,
Probably osu. It's a rhythm game,comment,Off-topic,Constructive,TRUE,Answering a question,62,
"When people purposely say “I’m so ugly,”...",comment,Disruptive,Low-Effort,TRUE,"Behavior critique, not uncivil",63,
People who get upset when someone points out...,question,,Constructive,TRUE,Neutral discussion question,64,
"Quick, You get 1 Billion...",question,,Constructive,TRUE,Hypothetical,65,
I’ve heard Millennials have been fired...,comment,,Constructive,TRUE,Opinion/explanation,66,
What villain was never really that big of a threat...,question,,Constructive,TRUE,Discussion question,67,
Which item are you glad you kept the box for all these years?,question,,Constructive,TRUE,Discussion question,68,
"Nothing to be sorry for, reality isn't always perfect...",comment,,Constructive,TRUE,Supportive comment,69,
My thoughts exactly...,comment,Disruptive,Low-Effort,TRUE,Casual reaction,70,
Using “my mom said no” as an excuse...,comment,Low-Effort,Low-Effort,FALSE,Joke,71,
A week and a half ago I watched my 98 year old grandfather...,comment,Constructive,Constructive,FALSE,Narrative,72,
My shifty shaft is becoming tilted towers.,comment,Off-topic,Low-Effort,TRUE,Joke reference,73,
Goth kids under bridge start dancing,comment,Off-topic,Low-Effort,TRUE,Joke fragment,74,
Thank you for all you do,comment,Constructive,Constructive,FALSE,Polite acknowledgment,75,
I'm laughing at how cringey it is...,comment,Low-Effort,Low-Effort,FALSE,Reaction,76,
How do you avoid doing stupid things as you get older? ,question,Constructive,Constructive,FALSE,Advice question,77,
My step sons mom was in the hospital...,comment,Constructive,Constructive,FALSE,Narrative,78,
Wise words. You’re a smart man.,comment,Constructive,Constructive,FALSE,Positive feedback,79,
What’s the weirdest compliment you ever received ?,question,Off-topic,Constructive,TRUE,Discussion prompt,80,
What trend were you the first...,question,Off-topic,Constructive,TRUE,Discussion question,81,
Youtube Videos By Basic King. SO MUCH CRINGE,comment,Disruptive,Low-Effort,TRUE,Reaction/joke,82,
In a death match between Vin Diesel and Dwayne Johnson...,question,Disruptive,Constructive,TRUE,Hypothetical question,83,
My dignity. There's still a fair bit of space.,comment,Low-Effort,Low-Effort,FALSE,Joke,84,
How many pairs of trousers do you own...,question,Off-topic,Constructive,TRUE,Discussion question,85,
What would you do if you overheard a domesticated dog...,question,Constructive,Constructive,FALSE,Ethical scenario,86,
"Huh.. 7 years for me, I guess...",comment,Low-Effort,Low-Effort,FALSE,General reflection,87,
"No, it's a slang word for gay men...",comment,Constructive,Constructive,FALSE,Factual statement,88,
In a swamp. The fuck?,comment,Disruptive,Low-Effort,TRUE,Confused reaction,89,
Bottom shelf of a towel closet,comment,Off-topic,Off-topic,FALSE,Fragment,90,
Uninvited (alanis cover) - Red Sun Rising,comment,Off-topic,Off-topic,FALSE,Song reference,91,
More like this: ... exhaustion description,comment,Constructive,Constructive,FALSE,Descriptive experience,92,
So glad to read the blood was human,comment,Disruptive,Constructive,TRUE,"Contextually supportive statement, not hostile",93,
Kid fell asleep in English...,comment,Off-topic,Constructive,TRUE,Narrative,94,
"With jobs like that, you walk in...",comment,Disruptive,Constructive,TRUE,"General statement, not insulting",95,
"Ladies of Asia, what is your favorite breakfast? ",question,Constructive,Constructive,FALSE,Discussion question,96,
People who haven't pooped in 2021 yet...,question,Disruptive,Constructive,TRUE,Joke question not hostile,97,
Who’s this guy? Mr. Balloons...,comment,Disruptive,Low-Effort,TRUE,Humorous fragment,98,
What made you instantly popular at college or school? ,question,Constructive,Constructive,FALSE,Discussion prompt,99,
You can have any band/musician from history (DoA) create a new album in 2021. Who do you pick? ,question,Constructive,Constructive,FALSE,Open-ended discussion question,100,
"""Yo I bought you a house""  

I would cum instantly",comment,Disruptive,Low-Effort,TRUE,Crude joke / hyperbole without target hostility,101,
HELP MY GF IS PROBABLY PREGNANT IM 16 SHES 15 WE CANT HAVE THIS WHAT DO WE DO. WE CANT TELL OUR PARENTS WE WILL NEVER GET TO SEE EACHOTHER AGAIN WE REALLY LOVE EACHOTHER WHAT CAN WE DO PLEASE HELP. WE LIVE IN UK HOW DO WE GET RID OF THIS THING PLEASE HELP [removed],question,Off-topic,Constructive,TRUE,Genuine question seeking substantive medical/legal advice,102,
"Might look into it. I have only ever done Weed, LSD, MDMA, Valium and Shrooms for my *issues*.",comment,Low-Effort,Constructive,TRUE,Provides personal detail and reasoning regarding medical substance use,103,
"Don’t want to, I wanna die alone",comment,Off-topic,Low-Effort,TRUE,Brief personal reaction / dark humor,104,
Best career advice for someone looking for a new path? [removed],question,Disruptive,Constructive,TRUE,Standard open-ended career advice question,105,
"Exactly, it actually caused me to become a lot more optimistic. Like sure I have my bad days, but I know I'll try to be better and the next day will be better.",comment,Constructive,Constructive,FALSE,Meaningful perspective on personal growth,106,
In your opinion what what is the biggest animal you could take on in hand to hand combat? [deleted],question,Off-topic,Constructive,TRUE,Open-ended hypothetical discussion question,107,
"Why, sure!

[here’s an article about the school](https://www.google.com/amp/s/nypost.com/2016/02/13/ex-students-say-boarding-school-tortured-them-in-isolation/amp/) 

I was a very mentally ill teenager. I was in a rehab facility and was enjoying myself too much, so my parents shipped me off to boarding school. The rules were insane. You weren’t allowed to talk, you couldn’t look at the other girls, you walked in a straight line, could only use the restroom at restroom breaks etc. I thought it was child abuse when I first got there, but I had no way to contact my parents except for a weekly letter (that the staff read through). Eventually I settled into the routine and got used to the outlandish rules. I ended up graduating from the school, and the school got shut down a month later. The owner was convicted of child abuse and molesting a girl student (which is a whole different story). The owner was definitely a psychopath. He charmed the pants off of my parents (and everyone else). His snake of a wife kept me at the school for two months longer than I was supposed to (because my parents had the money). 

That’s as short as I can make it. I’d be happy to answer any further questions you have!",comment,Low-Effort,Constructive,TRUE,Detailed personal narrative with an external link,108,
How do you get recharged in the summertime? [deleted],question,Constructive,Constructive,FALSE,Open-ended lifestyle question,109,
Why don't we sentence vehicular manslaughter harshly? [removed],question,Off-topic,Constructive,TRUE,Substantive question seeking reasoning/debate on legal matters,110,
Thus is a super subjective question; my favorite right now is Midsomer Murders,comment,Off-topic,Constructive,TRUE,Answers the prompt with a specific recommendation and context,111,
"I have been told that my cum has a type of mango flavor, Sweet, yet just enough tartness, For I would prefer to keep it that way.",comment,Disruptive,Low-Effort,TRUE,Vulgar/humorous single-sentence reaction without hostility,112,
"What is a movie sequel, that has an awful original? ",question,Constructive,Constructive,FALSE,Open-ended discussion question,113,
You have to be approve in NZ as well and it cannot be for self defense,comment,Constructive,Constructive,FALSE,Provides informative factual context,114,
Hitting a high school in southern state.  Should be done in five minutes.,comment,Disruptive,Disruptive,FALSE,Implies school violence / highly malicious threat/troll,115,
What is the first mobile that you bought? [removed],question,Off-topic,Constructive,TRUE,Standard nostalgic open-ended question,116,
In a situation where you were being shot in the head and dying who would you prefer pull the trigger yoirself or another person? And why? ,question,Disruptive,Constructive,TRUE,Dark but constructive open-ended hypothetical seeking reasoning,117,
Does anyone else want to fuck their girlfriends best friend or is it just me? [removed],question,Disruptive,Low-Effort,TRUE,Crude/provocative question but not strictly hostile or uncivil,118,
What criminal classification would you give the theft of a sweetroll in whiterun? ,question,Constructive,Constructive,FALSE,Pop culture discussion question with specific framing,119,
"In 40 years, what will people be nostalgic for? ",question,Constructive,Constructive,FALSE,Open-ended discussion question,120,
What is everyone’s fav crisps? - mine: pringles [removed],question,Low-Effort,Constructive,TRUE,Seeks community answers with personal example included,121,
Must be a circus in town,comment,Off-topic,Low-Effort,TRUE,Sarcastic/humorous single-sentence joke,122,
What are the similar games to league of legends but not necessarily a moba? Just good game to play with friends like lol. It doesn't have to be a moba but not like an fps or something like that. Just a fun game with cool characters and overall afun game with friends? ,question,Disruptive,Constructive,TRUE,Detailed question seeking recommendations for gaming,123,
What moment made you realize your therapist was a bad fit for you (or just bad)? ,question,Constructive,Constructive,FALSE,Seeks personal stories and reasoning,124,
You ever eat a big 'ol bucket of fried chicken in bed on a sweltering hot day with no AC? [removed],question,Low-Effort,Constructive,TRUE,Detailed hypothetical open-ended question,125,
I can turn everything into salt,comment,Off-topic,Low-Effort,TRUE,Brief joke / abstract one-liner,126,
What tips would you give someone starting a new job? [deleted],question,Constructive,Constructive,FALSE,Open-ended professional advice question,127,
"If you can choose a time period to live in, what would it be and why? ",question,Constructive,Constructive,FALSE,Seeks answers with explicit reasoning,128,
Your mothers bathroom selfies,comment,Disruptive,Low-Effort,TRUE,"Standard ""your mom"" joke", low effort rather than real hostility,129
Where can I post footage that I have put together for others to critique? [removed],question,Constructive,Constructive,FALSE,Actionable question seeking recommendations,130,
"If you had to explain what being high feels like to someone who doesn’t smoke, how would you do it? ",question,Constructive,Constructive,FALSE,Seeks detailed explanations/analogies,131,
Same. Ugh. That sounds awful.,comment,Low-Effort,Low-Effort,FALSE,Brief empathetic reaction,132,
The people who attacked the people who killed Franz Ferdinand,comment,Off-topic,Low-Effort,TRUE,Snarky historical joke response,133,
How will the countdown to your death sound like? ,question,Off-topic,Constructive,TRUE,Creative open-ended discussion question,134,
"Everytime someone dies they now drop loot that isn't money, what would your loot be? ",question,Off-topic,Constructive,TRUE,Creative hypothetical discussion question,135,
What doesn't really matter to you anymore? ,question,Off-topic,Constructive,TRUE,Open-ended philosophical discussion question,136,
Why do teeth rattle when im coold? [removed],question,Off-topic,Constructive,TRUE,Seeks informative/scientific explanations,137,
You watt think better Comfortably Numb oar Wish You Were Here? [removed],question,Off-topic,Constructive,TRUE,Music comparison discussion question,138,
"Can you just explain to me why it is you don’t think I teach english? Just tell me that, unless you just don’t believe me for the sake of not believing me. Either way I don’t care, has no impact on me.",comment,Disruptive,Disruptive,FALSE,Argumentative meta-dispute,139,
How did you realize you were queer? [removed],question,Off-topic,Constructive,TRUE,Seeks detailed personal identity narratives,140,
What is a decision you could make today that would change your life for the better? ,question,Constructive,Constructive,FALSE,Self-reflective open-ended question,141,
My husband's aunt was the director of the nursing home. I probably shouldn't sing...,comment,Off-topic,Low-Effort,TRUE,Brief personal joke/aside,142,
What's the punchline to your favourite joke? I'll guess the full joke (or just make one up) [removed],question,Off-topic,Constructive,TRUE,Interactive community discussion game question,143,
Fuck that I would have ordered a fat plate of food and ate by myself lol,comment,Disruptive,Low-Effort,TRUE,Vulgar expression of personal preference, not an insult to a user,144
"You totally forgot openXCom.
Think you need the original assts though.",comment,Constructive,Constructive,FALSE,Provides helpful software recommendation and caveat,145,
How do people who do not have a 'head voice' think? [removed],question,Off-topic,Constructive,TRUE,Seeks cognitive/psychological explanations,146,
"Vegans of Reddit, what made you go vegan? [deleted]",question,Off-topic,Constructive,TRUE,Seeks personal motives and explanations,147,
"Late to comment, but in nursing school one of the first deaths I experienced was a older woman who was completely yellow from liver failure. She was hallucinating and in a lot of pain. Last thing she said to me was “I want my mama”. Goes to show we all just want our moms to hold us in the end. She died later that evening.",comment,Constructive,Constructive,FALSE,Poignant personal narrative and reflection,148,
This kid in my school is named gods power,comment,Low-Effort,Low-Effort,FALSE,Brief observational comment without added depth,149,
what is the remedy for egg allergies ? ,question,Constructive,Constructive,FALSE,Seeks factual medical solutions,150,
How do you throw a surprise party for a psychic? ,question,Off-topic,Low-Effort,TRUE,Joke/riddle style question rather than constructive discussion,151,
What is a scene from a TV show that always makes you cry ? ,question,Off-topic,Constructive,TRUE,Seeks emotional media discussion and stories,152,
"What were your biggest ""What the fuck did I just start?"" comment sections/threads? [removed]",question,Disruptive,Constructive,TRUE,Standard Reddit meta-discussion question,153,
Idk why but some of the worst areas I have been in in various cities have an MLK blvd,comment,Off-topic,Low-Effort,TRUE,Observational commentary contributing an edge case perspective,154,
I was a very argumentative child. I once argued that I was older than my cousin even though she was born before me. I still cringe about it to this day.,comment,Constructive,Constructive,FALSE,Detailed childhood anecdote illustrating a point,155,
"In Nigeria, there is currently civil unrest this year as police stations are being burned down, people are being kidnapped, and terror attacks. How would this impact the Nigerian Prince from sending money? ",question,Off-topic,Low-Effort,TRUE,Joke question wrapped in real-world current events,156,
What movie title best describes your partner ? ,question,Off-topic,Constructive,TRUE,Playful open-ended engagement question,157,
"Hi there! Your post was removed because it uses the body text box. You can only use the title field to post a question in askreddit.  Per [rule 1](/r/AskReddit/wiki/index#wiki_-rule_1-), use of the body text box is prohibited. You can resubmit your post [here](&lt;/r/askreddit/submit?selftext=true&amp;title=What personal item or product do you use, wear, carry, ride, drink etc every day, that you just can't live without?&gt;) without the textbox.


*I am a bot, and this action was performed automatically. Please [contact the moderators of this subreddit](/message/compose/?to=/r/AskReddit) if you have any questions or concerns.*",comment,Disruptive,Off-topic,TRUE,Automated moderation/rule enforcement message,158,
People who like something that I don’t: Why? [removed],question,Disruptive,Constructive,TRUE,Broad open-ended prompt asking for different perspectives,159,
People who have knowledge about fruit/vegetables. How do you store food? (Recently moved out) [removed],question,Constructive,Constructive,FALSE,Practical informational question with personal context,160,
"Keep saying the n-word with a hard R, he's a fat ass 220 pound philipino, he's in 7th grade and doesn't know how to ride a bike yet and has the worst case if acne ever, hell also get pissed for no reason or for minor inconveniences.",comment,Disruptive,Disruptive,FALSE,Highly hostile insult and harassment,161,
I don't see how giving extra lives indicates insecurity...,comment,Off-topic,Constructive,TRUE,Engages with debate topic logically,162,
"Why is google such a PITA with queries? (Populate cell with lyrics from old school rap / hip-hop, returns are everything but old school rap / hip-hop) [removed]",question,Off-topic,Constructive,TRUE,Technical/functional frustration question seeking reasons,163,
"I havent been able to cry since my last grandmother passed away today 1 year ago when I was 13.  She was in the hospital for over a month but I still got a birthday card a month after she died, in the mail. Reading these reminded me how peaceful she was in her final hours. Thanks reddit, I finally cried again, it feels so good.

Edit: she died a day after my birthday",comment,Constructive,Constructive,FALSE,Highly substantive emotional narrative and feedback,164,
"**Attention! [Serious] Tag Notice**

* Jokes, puns, and off-topic comments are not permitted in **any** comment, parent or child.

* Parent comments that aren't from the target group will be removed, along with their child replies. 

* Report comments that violate these rules.

Posts that have few relevant answers within the first hour, and posts that are not appropriate for the [Serious] tag will be removed. Consider doing an AMA request instead.

Thanks for your cooperation and enjoy the discussion!


*I am a bot, and this action was performed automatically. Please [contact the moderators of this subreddit](/message/compose/?to=/r/AskReddit) if you have any questions or concerns.*",comment,Off-topic,Off-topic,FALSE,Automated bot rule reminder/meta documentation,165,
"If you could make one wish, what would it be? ",question,Off-topic,Constructive,TRUE,Classic open-ended hypothetical question,166,
"Those who have seen some horrifying monster, entity or paranormal thing what's your story? ",question,Off-topic,Constructive,TRUE,Seeks personal paranormal narratives,167,
Katherine Parr. She understood how he worked and how to use that to keep herself alive. Brains for sure. Until after he was dead and then a well turned ankle was too much to resist,comment,Constructive,Constructive,FALSE,Substantive historical analysis and reasoning,168,
What do you think will happen if the Philippines become if the Americans never colonized our country? ,question,Constructive,Constructive,FALSE,Alternate history discussion question,169,
"Those that have had a BAN BOT attack your account, what did that do to your personal beliefs, ideas, thoughts and actions? Did you reform or not? ",question,Constructive,Constructive,FALSE,Asks for deep introspective reasoning regarding moderation,170,
"If you had the choice to, would you choose to be the smartest being in the universe? [removed]",question,Off-topic,Constructive,TRUE,Philosophical hypothetical open-ended question,171,
Getting really upset (and racist) when a white woman and a black man are a couple,comment,Disruptive,Constructive,TRUE,Answers a prompt identifying toxic behaviors in others without being toxic itself,172,
What's your best/most interesting find on Wikipedia that you think everyone should read through? ,question,Constructive,Constructive,FALSE,Resource sharing/discussion question,173,
What is something deemed as useless that actually fulfills a lot of purposes? ,question,Constructive,Constructive,FALSE,Open-ended analytical question,174,
"Redditors who aren’t from Panem, what do you think about the nation of Panem? [deleted]",question,Off-topic,Low-Effort,TRUE,Fictional/roleplay joke question based on Hunger Games,175,
Screaming “I’m *not* an idiot”,comment,Low-Effort,Low-Effort,FALSE,Brief snippet answer without explanation,176,
Anyone else’s Reddit app keep crashing? Trying to ignore my work in peace… [removed],question,Low-Effort,Off-topic,TRUE,Technical support/meta app complaint,177,
Why is pre chilled water better than water At home please I need to know [removed],question,Low-Effort,Constructive,TRUE,Curious question looking for logical/scientific reasoning,178,
"I'd describe it as wholesome. Me and my friends would go outside everyday and play for hours and hours having the best time. Also like dictionaries were a thing, which just feels so weird to use now.",comment,Constructive,Constructive,FALSE,Descriptive nostalgic narrative,179,
Well my nieces and nephews &amp; their friends all are crazy about it. Maybe you are not around those who like it.,comment,Off-topic,Low-Effort,TRUE,Provides anecdotal counter-evidence to a thread topic,180,
How are you? What’s been happening in your life? ,question,Off-topic,Constructive,TRUE,Open-ended wellness check / story solicitation,181,
"**PLEASE READ THIS MESSAGE IN ITS ENTIRETY BEFORE TAKING ACTION.**

Hi there, your post has been removed for one of the following reasons: 

* [Rule 3:](https://www.reddit.com/r/AskReddit/wiki/index#wiki_-rule_3-) Askreddit is for open-ended discussion questions. If you've posted a question that could be answered with just yes or no, it needs to explicitly ask for more discussion like asking ""What's the story"" or ""Why or why not?""  Also, questions with a single correct answer, that can be researched elsewhere or provide a limited scope for discussion (yes/no, DAE, polls etc.) are not appropriate.  

* [Rule 1:](http://www.reddit.com/r/AskReddit/wiki/index#wiki_-rule_1-) You must post a clear and direct question in the title.  *The question must be a full sentence*.  Try including question phrases like ""What is..."", ""What are..."".

If you have any queries or concerns, please feel free to [contact the mods](&lt;http://www.reddit.com/message/compose?to=%2Fr%2FAskReddit&amp;subject=Yes/No+Related+Post+Review+Request&amp;message=My+post+was+removed,+automoderator+said+Rule+1+or+3,+please review%3a%0d%0a%0d%0ahttp%3A%2F%2Fwww.reddit.com/r/AskReddit/comments/bjbnkp/have_you_ever_felt_awkward_being_naked_in_a_room/&gt;). Thank you.


*I am a bot, and this action was performed automatically. Please [contact the moderators of this subreddit](/message/compose/?to=/r/AskReddit) if you have any questions or concerns.*",comment,Disruptive,Off-topic,TRUE,Official rule enforcement notice,182,
If you imagine everyone naked then it’s embarrassing being the only clothed person in an area,comment,Constructive,Constructive,FALSE,Clever subversion/perspective on a prompt,183,
Veep. Ive been binging Veep this entire month and I love it.,comment,Low-Effort,Constructive,TRUE,Answers the prompt with context (binging for a month),184,
"What are some problems that could arise from owning a handgun covered in Vantablack, Musou Black, or dark chameleon dimers? ",question,Constructive,Constructive,FALSE,Deeply specific scientific/practical hypothetical question,185,
Barista chastises guy for saying medium instead of grande. Guy tells her off. Then they bang. The end.,comment,Low-Effort,Low-Effort,FALSE,Sarcastic summary/joke explanation,186,
what's the most brilliant thing you've ever heard anyone say? [deleted],question,Constructive,Constructive,FALSE,Solicits meaningful/wise quotations and reasoning,187,
Punk song 2000ish Cant remember the name of a song. There a band with lead singer with spiky hair in front og the house singing. They also arrive in an old american car or something. Thanks for the help c: [removed],question,Off-topic,Constructive,TRUE,Tip of my tongue identifier question seeking factual help,188,
If you had to go back to school to possibly get a job at the same company you’re already at would you? [removed],question,Constructive,Constructive,FALSE,Open-ended career dilemma question,189,
My friend is a Pediatric Emergency doctor (that's what I'll call her) and she says younger kids are so brave with their own death because they don't place the enormity on it that adults do. It's like my niece who is 5 years old. Tell her it's an 8 hour drive and she has no idea what that looks like. Tell her it's 16 episodes of Boss Baby and she can kind of wrap her head around it. Death is so mysterious and elusive there seems to be no comparable unit of measure for us. We talk 'sleep forever' when we know that is nowhere near accurate.,comment,Constructive,Constructive,FALSE,Extremely substantive commentary with a detailed analogy,190,
"The median US wage in 2016 was $31,099.

Earning this wage puts you in the top  1% wage earners globally.

Now, ask the average American if they consider themselves to be rich...

The point being, it's all relative.",comment,Constructive,Constructive,FALSE,Substantive point backed up by data points,191,
Who’s chopping onions in here?,comment,Off-topic,Low-Effort,TRUE,Standard Reddit cliché idiom for crying,192,
can I just say I appreciate how informative this is for someone that didnt even know there was a way to score rock climbing.,comment,Constructive,Constructive,FALSE,Meta-compliment but adds perspective on thread usefulness,193,
Does anyone ever remember some commercial or music video that seems to have disappeared from all your searches and you can't do anything until you find it and nobody seems to recall it. [removed],question,Off-topic,Constructive,TRUE,Does anyone else experiential discussion question,194,
Whats a sign that you're in a toxic relationship? [deleted],question,Off-topic,Constructive,TRUE,Asks for signs/reasoning regarding relationship health,195,
"Male,Female or Furry? [removed]",question,Off-topic,Low-Effort,TRUE,Brief, shallow question with joke framing,196
They say that something with a 1 in a billion odds happens to 7 people every day. What is a time something like that happened to you? ,question,Constructive,Constructive,FALSE,Seeks highly detailed probabilistic stories,197,
Which seemingly inexpensive this are actually very expensive? [deleted],question,Off-topic,Constructive,TRUE,Open-ended economic comparison question,198,
Aww thank you and okay :),comment,Low-Effort,Low-Effort,FALSE,Brief, conversational reaction,199
If you join the Army you can drink beer at 18. It's weaker but you can drink more of them.,comment,Off-topic,Constructive,TRUE,"Informational claim/discussion, not off-topic",200,
Why did Afghan's fail to wipe out Taliban terrorists...,question,Constructive,Constructive,FALSE,Political/historical analysis question,201,
What are some mainstream advice people give that do not work? [deleted],question,Off-topic,Constructive,TRUE,General discussion question,202,
What is your spirit animal? ,question,Off-topic,Low-Effort,TRUE,"Joke-style prompt, not meta",203,
Most embarrassing thing is… [removed],question,Off-topic,Off-topic,FALSE,Incomplete but still AskReddit-style prompt,204,
coolmathgames recently got a adblock blocker...,question,Off-topic,Constructive,TRUE,Technical question,205,
"If you’re life had an anime opening, what would it be? ",question,Off-topic,Low-Effort,TRUE,Humor/creative prompt,206,
Reply with a point of view you would like to discuss...,question,Constructive,Constructive,FALSE,Discussion prompt,207,
A girl told me years after the fact...,comment,Constructive,Constructive,FALSE,Personal reflection,208,
It really doesn't. The Prestige had fucking twists...,comment,Constructive,Constructive,FALSE,Opinion reasoning,209,
This is like episodes of scrubs. I don't know what words can describe...,comment,Constructive,Constructive,FALSE,Emotional reflection,210,
What is the riskiest place you ever had sex? Did you ever get caught? ,question,Off-topic,Constructive,TRUE,Personal experience question,211,
Pretty shitty but hey there’s always tomorrow,comment,Low-Effort,Low-Effort,FALSE,Short reaction,212,
My mom wouldn't let me have my inhaler...,comment,Constructive,Constructive,FALSE,Personal narrative,213,
That is true. Although if you start buying games it can get expensive quickly...,comment,Constructive,Constructive,FALSE,Reasoned response,214,
Thank you for placing this. I think this thread is good for some perspective...,comment,Constructive,Constructive,FALSE,Reflective supportive comment,215,
Do you understand how that makes me look?,comment,Disruptive,Low-Effort,TRUE,Frustrated reaction but not uncivil,216,
What did the class clown do that was just messed up? ,question,Off-topic,Constructive,TRUE,Discussion question,217,
I would think most entry level customer service jobs...,comment,Low-Effort,Low-Effort,FALSE,Short advice,218,
Which video game has the best storyline? ,question,Constructive,Constructive,FALSE,Discussion question,219,
"It takes time to feel good again, so dont worry...",comment,Constructive,Constructive,FALSE,Supportive advice,220,
Depends on what you're looking for ;),comment,Low-Effort,Low-Effort,FALSE,Joke/sarcastic tone,221,
What is your favorite part about being horny? ,question,Off-topic,Disruptive,TRUE,Sexual content category makes it disruptive,222,
What is the name of your child and why did you choose it? [deleted],question,Disruptive,Constructive,TRUE,"Personal question, not disruptive",223,
What should I know about getting my first tattoo? [removed],question,,Constructive,TRUE,Practical advice question,224,
Oranges kumquats tomatoes and blueberries can be counted as berries...,comment,,Constructive,TRUE,Informational statement,225,
join t(.)me/goatedshop for cheap valorant...,question,,Disruptive,TRUE,Spam/scam content,226,
Shoutout to the medical workers who have to deal with this...,comment,,Constructive,TRUE,Reflective supportive comment,227,
"Equate, Kirkland, Presidents Choice, Clancy’s",comment,,Low-Effort,TRUE,List with no context,228,
"Men of Reddit, do use your right or left hand to fap, and why? ",question,,Disruptive,TRUE,Explicit sexual question,229,
"Foodies of Reddit, What is the dish that has the potential to never disappoint...",question,Constructive,Constructive,FALSE,Discussion question,230,
What does Taco Bell put in their food that makes it so addictive? [deleted],question,Constructive,Constructive,FALSE,Discussion question,231,
Online dating: it will turn into naming one single specific person...,comment,Off-topic,Constructive,TRUE,Speculative discussion,232,
What theory or philosophy on death do you find to be most freeing for you? ,question,Constructive,Constructive,FALSE,Philosophical question,233,
"Every time Mambo No. 5 starts somebody says, ""aww shit""",comment,Low-Effort,Low-Effort,FALSE,Humor observation,234,
Everybody just needs to chill....,comment,Constructive,Constructive,FALSE,Opinionated discussion,235,
"This dude's wife, please enjoy his little things.",comment,Low-Effort,Low-Effort,FALSE,Fragment/joke,236,
what's the last song stuck in your head? ,question,Constructive,Constructive,FALSE,Discussion question,237,
What frustrates you the most in your life? ,question,Constructive,Constructive,FALSE,Reflective question,238,
"With only five words, can you piss off half of humanity? [removed]",question,Disruptive,Low-Effort,TRUE,"Joke prompt, not actually disruptive intent",239,
The former 87.7-107.9 at the very least...,comment,Constructive,Constructive,FALSE,Descriptive technical observation,240,
What is your reasoning for trying to ruin someone's life? [deleted],question,Off-topic,Constructive,TRUE,"Serious question, not off-topic",241,
I'd say looks would be 100% compliment...,comment,Low-Effort,Low-Effort,FALSE,Short opinion,242,
What is that one thing you weren't suppose to see...,question,Disruptive,Constructive,TRUE,Discussion question,243,
Doing god’s work in the trenches.,comment,Low-Effort,Low-Effort,FALSE,Joke phrase,244,
IF you could invent anything in the world. What would be the first thing you would invent? ,question,Off-topic,Constructive,TRUE,Hypothetical question,245,
What are the 4 types of marks given by examiners...,question,Constructive,Constructive,FALSE,Academic question,246,
How to stop someone from threatening me with death...,question,Disruptive,Constructive,TRUE,Serious help request,247,
Trainer. Been there tried all that...,comment,Constructive,Constructive,FALSE,Reasoned personal opinion,248,
What bad inherited physical trait did you get from your parents? [deleted],question,Off-topic,Constructive,TRUE,Discussion question,249,
My grandmother was in a nursing home...,comment,Constructive,Constructive,FALSE,Personal narrative,250,
You didn't deserve to see that and I'm so sorry...,comment,Constructive,Constructive,FALSE,Supportive message,251,
Our* bed *Soviet union anthem starts playing*,comment,Low-Effort,Low-Effort,FALSE,Humor,252,
What is some really bad life advice? ,question,Low-Effort,Constructive,TRUE,Discussion question,253,
A cleaner. Shopping and driving aren't difficult...,comment,Constructive,Constructive,FALSE,Detailed explanation,254,
Caroline BUM! BUM! BUM!,comment,Low-Effort,Low-Effort,FALSE,Noise/joke,255,
What are your favourite hobbies? ,question,Constructive,Constructive,FALSE,Discussion question,256,
Came here to post this...,comment,Constructive,Constructive,FALSE,Reflective discussion,257,
What is an accounting scam you had to deal with? [deleted],question,Off-topic,Constructive,TRUE,Experience question,258,
My high school cafeteria served food sourced...,comment,Constructive,Constructive,FALSE,Personal anecdote,259,
Very true. I still know people who haven't hit their rock bottom...,comment,Constructive,Constructive,FALSE,Reflective statement,260,
What is one of the biggest BS stories you heard that turned out to be True? [deleted],question,Off-topic,Constructive,TRUE,Discussion question,261,
If anyone says fortnite they will be sent to the Virgin Islands,comment,Disruptive,Low-Effort,TRUE,Joke threat not actual hostility,262,
Anyone have a recommendation for a bidet...,question,Constructive,Constructive,FALSE,Practical product question,263,
How have your close friendships changed over the last 18 months...,question,Constructive,Constructive,FALSE,Discussion question,264,
What are your thoughts about small businesses who charge a credit card fee? [removed],question,Off-topic,Constructive,TRUE,Opinion question,265,
How to get away from people discussing about Endgame and GOT...,comment,Disruptive,Low-Effort,TRUE,Joke frustration,266,
"scientists of reddit, what are different types of particle...",question,Constructive,Constructive,FALSE,Academic question,267,
Might wanna tag this. This might get spoilery.,comment,Low-Effort,Low-Effort,FALSE,Joke warning,268,
That's it Reddit! I'mma start coding TO-DAY! What's the best language to know first? [removed],question,Constructive,Constructive,FALSE,Learning question,269,
Which movie could you watch at the last minute and still get its plot? ,question,Constructive,Constructive,FALSE,Discussion question,270,
What actor/actress would be the most messed up if all the characters they played were combined...,question,Constructive,Constructive,FALSE,Creative question,271,
Is it better to the environment to cut down trees to replace plastic...,question,Constructive,Constructive,FALSE,Environmental question,272,
Join the dark side! Tales of Vesperia is my favorite game ever...,comment,Low-Effort,Low-Effort,FALSE,Recommendation/joke,273,
Oh I've had several from nightmares I'll never forget...,comment,Off-topic,Constructive,TRUE,Personal narrative (not off-topic),274,
I had a WWE2k wrestler called Baby Face...,comment,Low-Effort,Low-Effort,FALSE,Personal anecdote joke,275,
A for-profit healthcare system.,comment,Constructive,Constructive,FALSE,Opinion statement,276,
Being black at a southern white university,comment,Constructive,Constructive,FALSE,Experience statement,277,
Wow... how old was his profile?,comment,Low-Effort,Low-Effort,FALSE,Reaction,278,
who is the most craziest you have ever met? ,question,Low-Effort,Constructive,TRUE,Discussion question,279,
This is the best comment here...,comment,Constructive,Constructive,FALSE,Analytical opinion,280,
What's something you KNOW you've seen on the internet but you're unable to find it again...,question,Off-topic,Constructive,TRUE,Discussion question,281,
ICU nurse- I’ve had them all...,comment,Off-topic,Constructive,TRUE,Medical experience narrative,282,
How to track IP on Kijiji Ad for stolen bike? [removed],question,Off-topic,Constructive,TRUE,Technical/legal question,283,
What was the biggest lie that you told while going through school...,question,Off-topic,Constructive,TRUE,Discussion question,284,
Never give up on The concept that...,comment,Constructive,Constructive,FALSE,Advice statement,285,
I've actually heard of that one...,comment,Low-Effort,Low-Effort,FALSE,Joke reference,286,
"A vest, if you're in the UK or Australia.",comment,Low-Effort,Low-Effort,FALSE,Short factual answer,287,
**PLEASE READ THIS MESSAGE IN ITS ENTIRETY BEFORE TAKING ACTION.** ...,comment,Disruptive,Off-topic,TRUE,Moderator bot message,288,
Not sure if I count as a medical worker but I give medical instructions...,comment,Constructive,Constructive,FALSE,Emotional narrative,289,
Cutting in line at the school lunch room.,comment,Disruptive,Low-Effort,TRUE,Short complaint/joke,290,
"Same here, my mother lives in Europe...",comment,Constructive,Constructive,FALSE,Supportive personal message,291,
Truly a disgusting match made by a psychotic deranged mind.,comment,Disruptive,Disruptive,FALSE,Strong insult,292,
None. You just talk to people who have seen it...,comment,Constructive,Constructive,FALSE,Reasoned explanation,293,
"Halloween is only 94 days away, what’s your costume? [deleted]",question,Off-topic,Constructive,TRUE,Discussion question,294,
What sexuality are different fruits? (ex: peaches are lesbian) [removed],question,Off-topic,Low-Effort,TRUE,Joke question,295,
One goes belly to the ground terrified...,comment,Low-Effort,Low-Effort,FALSE,Humor,296,
Let’s sprinkle some crack on him.,comment,Disruptive,Disruptive,FALSE,Reference to crime/drugs + inappropriate framing,297,
The scratching sound of a radio.,comment,Off-topic,Off-topic,FALSE,Fragment,298,
Santa. Every Christmas I would beg my mum...,comment,Constructive,Constructive,FALSE,Personal narrative,299,
